﻿<?xml version="1.0" encoding="utf-8"?>

<Deployment xmlns="http://schemas.microsoft.com/windowsphone/2009/deployment" AppPlatformVersion="7.0">
  <App xmlns="" ProductID="{fdf3c4e0-94ca-4fb1-959b-e2aa2b1ed230}" Title="ScoreloopEnabled_WindowsPhoneApplication" RuntimeType="Silverlight" Version="1.0.0.0" Genre="apps.normal"  Author="ScoreloopEnabled_WindowsPhoneApplication author" Description="Sample description" Publisher="ScoreloopEnabled_WindowsPhoneApplication">
    <IconPath IsRelative="true" IsResource="false">ApplicationIcon.png</IconPath>
    <Capabilities>
      <Capability Name="ID_CAP_GAMERSERVICES"/>
      <Capability Name="ID_CAP_IDENTITY_DEVICE"/>
      <Capability Name="ID_CAP_IDENTITY_USER"/>
      <Capability Name="ID_CAP_LOCATION"/>
      <Capability Name="ID_CAP_MEDIALIB"/>
      <Capability Name="ID_CAP_MICROPHONE"/>
      <Capability Name="ID_CAP_NETWORKING"/>
      <Capability Name="ID_CAP_PHONEDIALER"/>
      <Capability Name="ID_CAP_PUSH_NOTIFICATION"/>
      <Capability Name="ID_CAP_SENSORS"/>
      <Capability Name="ID_CAP_WEBBROWSERCOMPONENT"/>
    </Capabilities>
    <Tasks>
      <DefaultTask  Name ="_default" NavigationPage="MainPage.xaml"/>
    </Tasks>
    <Tokens>
      <PrimaryToken TokenID="ScoreloopEnabled_WindowsPhoneApplicationToken" TaskName="_default">
        <TemplateType5>
          <BackgroundImageURI IsRelative="true" IsResource="false">Background.png</BackgroundImageURI>
          <Count>0</Count>
          <Title>ScoreloopEnabled_WindowsPhoneApplication</Title>
        </TemplateType5>
      </PrimaryToken>
    </Tokens>
  </App>
</Deployment>
